Agent ID,Program,Test Score
Agent_1,Agency Helpdesk,74
Agent_2,Agency Helpdesk,77
Agent_3,Agency Service Desk,86
Agent_4,Agency Contact Center,94
Agent_5,Agency Helpdesk,39
Agent_6,Agency Helpdesk,51
Agent_7,Agency Helpdesk,66
Agent_8,Agency Service Desk,88
Agent_9,Agency Helpdesk,42
Agent_10,Agency Helpdesk,88
Agent_11,Agency Helpdesk,95
Agent_12,Agency Service Desk,71
Agent_13,Agency Helpdesk,69
Agent_14,Agency Service Desk,88
Agent_15,Agency Service Desk,79
Agent_16,Agency Service Desk,89
Agent_17,Agency Service Desk,82
Agent_18,Agency Helpdesk,67
Agent_19,Agency Contact Center,55
Agent_20,Agency Service Desk,78
Agent_21,Agency Service Desk,73
Agent_22,Agency Contact Center,39
Agent_23,Agency Service Desk,85
Agent_24,Agency Helpdesk,77
Agent_25,Agency Helpdesk,94
Agent_26,Agency Helpdesk,79
Agent_27,Agency Contact Center,59
Agent_28,Agency Contact Center,49
Agent_29,Agency Service Desk,84
Agent_30,Agency Helpdesk,44
Agent_31,Agency Helpdesk,69
Agent_32,Agency Contact Center,62
Agent_33,Agency Service Desk,66
Agent_34,Agency Contact Center,39
Agent_35,Agency Helpdesk,87
Agent_36,Agency Service Desk,65
Agent_37,Agency Contact Center,61
Agent_38,Agency Contact Center,53
Agent_39,Agency Contact Center,65
Agent_40,Agency Service Desk,95
Agent_41,Agency Service Desk,76
Agent_42,Agency Service Desk,83
Agent_43,Agency Contact Center,85
Agent_44,Agency Helpdesk,58
Agent_45,Agency Helpdesk,64
Agent_46,Agency Helpdesk,30
Agent_47,Agency Service Desk,65
Agent_48,Agency Service Desk,69
Agent_49,Agency Service Desk,86
Agent_50,Agency Service Desk,70
Agent_51,Agency Helpdesk,68
Agent_52,Agency Service Desk,73
Agent_53,Agency Contact Center,47
Agent_54,Agency Contact Center,34
Agent_55,Agency Contact Center,72
Agent_56,Agency Contact Center,88
Agent_57,Agency Helpdesk,61
Agent_58,Agency Service Desk,89
Agent_59,Agency Service Desk,66
Agent_60,Agency Service Desk,66
Agent_61,Agency Helpdesk,71
Agent_62,Agency Contact Center,87
Agent_63,Agency Contact Center,65
Agent_64,Agency Service Desk,71
Agent_65,Agency Service Desk,88
Agent_66,Agency Service Desk,76
Agent_67,Agency Service Desk,79
Agent_68,Agency Contact Center,30
Agent_69,Agency Service Desk,79
Agent_70,Agency Contact Center,83
Agent_71,Agency Contact Center,42
Agent_72,Agency Helpdesk,72
Agent_73,Agency Helpdesk,36
Agent_74,Agency Helpdesk,77
Agent_75,Agency Service Desk,85
Agent_76,Agency Service Desk,68
Agent_77,Agency Helpdesk,82
Agent_78,Agency Contact Center,45
Agent_79,Agency Contact Center,50
Agent_80,Agency Helpdesk,88
Agent_81,Agency Contact Center,53
Agent_82,Agency Helpdesk,43
Agent_83,Agency Service Desk,86
Agent_84,Agency Helpdesk,78
Agent_85,Agency Contact Center,79
Agent_86,Agency Service Desk,70
Agent_87,Agency Service Desk,74
Agent_88,Agency Helpdesk,65
Agent_89,Agency Contact Center,94
Agent_90,Agency Helpdesk,30
Agent_91,Agency Contact Center,80
Agent_92,Agency Helpdesk,66
Agent_93,Agency Service Desk,67
Agent_94,Agency Helpdesk,78
Agent_95,Agency Helpdesk,33
Agent_96,Agency Contact Center,72
Agent_97,Agency Helpdesk,51
Agent_98,Agency Helpdesk,30
Agent_99,Agency Service Desk,75
Agent_100,Agency Service Desk,83
